"M_med","M_lo","M_hi"
0.37430316482154,0.173408794112954,0.807933991537714
