"Linf","K","C","ts","t_anchor","phi_prime","t95_years"
163.423767974833,0.210614761710167,0.0688700616359711,0.167163692414761,0.81353447586298,3.75011924619211,14.2237526431148
