"MK_med","MK_lo","MK_hi"
1.77701159199002,0.824925966455905,3.85772436620757
